<?xml version="1.0"?>
<doc>
    <assembly>
        <name>Banco.PD3.Persistence</name>
    </assembly>
    <members>
        <member name="T:Banco.PD3.Persistence.Entities.Credentials">
            <summary>
            Objeto que sobrescribe las credenciales de conexión a la base de datos especificada en el certificado.
            </summary>
        </member>
        <member name="P:Banco.PD3.Persistence.Entities.Credentials.DbUser">
            <summary>
            Usuario de base de datos que se usará para la conexión especificada en el certificado.
            </summary>
        </member>
        <member name="P:Banco.PD3.Persistence.Entities.Credentials.DbPassword">
            <summary>
            Password de base de datos que se usará para la conexión especificada en el certificado.
            </summary>
        </member>
        <member name="P:Banco.PD3.Persistence.Entities.DBParameter.Name">
            <summary>
            Obtiene o establece el nombre de SqlParameter.
            </summary>
        </member>
        <member name="P:Banco.PD3.Persistence.Entities.DBParameter.ParamDirection">
            <summary>
            Obtiene o establece un valor que indica si el parámetro es sólo de entrada, sólo de salida, bidireccional, o un valor devuelto de un procedimiento almacenado.
            </summary>
        </member>
        <member name="P:Banco.PD3.Persistence.Entities.DBParameter.ParamDbType">
            <summary>
            Obtiene o establece el SqlDbType del parámetro.
            </summary>
        </member>
        <member name="P:Banco.PD3.Persistence.Entities.DBParameter.Value">
            <summary>
            Obtiene o establece el valor del parámetro.
            </summary>
        </member>
        <member name="P:Banco.PD3.Persistence.Entities.DBParameter.Precision">
            <summary>
            Obtiene o establece el número máximo de dígitos que se usan para representar la propiedad Value.
            </summary>
        </member>
        <member name="P:Banco.PD3.Persistence.Entities.DBParameter.Size">
            <summary>
            Obtiene o establece el tamaño máximo, en bytes, de los datos de la columna.
            </summary>
        </member>
        <member name="T:Banco.PD3.Persistence.Entities.PD3Connection">
            <summary>
            Objeto que recibe un certificado y lo transformna en la cadena de conexión especificada en el mismo.
            </summary>
        </member>
        <member name="P:Banco.PD3.Persistence.Entities.ResultSet.Success">
            <summary>
            Status de una ejecución parcial.
            </summary>
        </member>
        <member name="P:Banco.PD3.Persistence.Entities.ResultSet.Exception">
            <summary>
            Instancia de System.Exception que muestra las excepciones encontradas en una ejecución parcial.
            </summary>
        </member>
        <member name="P:Banco.PD3.Persistence.Entities.ResultSet.ResultDataSet">
            <summary>
            Instancia de System.Data.DataSet que obtiene el resultado de una ejecución parcial.
            </summary>
        </member>
        <member name="T:Banco.PD3.Persistence.Entities.TransactionalEntity">
            <summary>
            Entidad transaccional que contiene los comandos a ejecutar en un bloque transaccional.
            </summary>
        </member>
        <member name="P:Banco.PD3.Persistence.Entities.TransactionalEntity.ExecutionType">
            <summary>
            Tipo de ejecución del comando indicado. (StoredProcedure o Text) 
            </summary>
        </member>
        <member name="P:Banco.PD3.Persistence.Entities.TransactionalEntity.Script">
            <summary>
            Script de base de datos a ejecutar. Puede ser script anónimo de base de datos. (ExecutionType.Text) o Stored Procedure con o sin parámetros (ExecutionType.StoredProcedure)
            </summary>
        </member>
        <member name="P:Banco.PD3.Persistence.Entities.TransactionalEntity.Parameters">
            <summary>
            Cadena de parámetros separados con "|" (ASCII code 124) de la forma @paramName-tipoDato-Dirección
            </summary>
        </member>
        <member name="P:Banco.PD3.Persistence.Entities.TransactionalEntity.Values">
            <summary>
            Cadena de valores separados con "┤" (ASCII code 180) de la forma "value"
            </summary>
        </member>
        <member name="P:Banco.PD3.Persistence.Entities.TransactionalEntity.DbParameters">
            <summary>
            Lista de parámetros de base de datos. Si es implementada, serán ignorados las propiedades "Parameters" y "Values".
            </summary>       
        </member>
        <member name="T:Banco.PD3.Persistence.Entities.TransactionalResultSet">
            <summary>
            Representa una memoria en caché de resultados de ejecución del flujo transaccional.
            </summary>
        </member>
        <member name="M:Banco.PD3.Persistence.Entities.TransactionalResultSet.#ctor">
            <summary>
            Conjunto de resultados de la ejecuciuón de un bloque transaccional.
            </summary>
        </member>
        <member name="M:Banco.PD3.Persistence.Entities.TransactionalResultSet.#ctor(System.Boolean)">
            <summary>
            
            </summary>
            <param name="ShowDetailedError"></param>
        </member>
        <member name="P:Banco.PD3.Persistence.Entities.TransactionalResultSet.ExecutionSuccess">
            <summary>
            Status general de la ejecución del bloque transaccional.
            </summary>
        </member>
        <member name="P:Banco.PD3.Persistence.Entities.TransactionalResultSet.ExecutionException">
            <summary>
            System.Exception general de la ejecución del bloque transaccional.
            </summary>
        </member>
        <member name="P:Banco.PD3.Persistence.Entities.TransactionalResultSet.ExecutionExceptionString">
            <summary>
            String general que representa el error en la ejecución del bloque transaccional.
            </summary>
        </member>
        <member name="M:Banco.PD3.Persistence.SqlDao.ExecuteScriptDataReader(System.String,System.Int32)">
            <summary>
            Descripción
            </summary>
            <param name="queryString">Consulta de SQL</param>
            <returns>Regresa Data reader</returns>
        </member>
        <member name="M:Banco.PD3.Persistence.SqlPersister.#ctor(System.String,System.String,System.String)">
            <summary>
            Constructor que define los parámetros de conexión a la base de datos especificada en el certificado.
            </summary>
            <param name="certificateString">Cadena del certificado.</param>
            <param name="user">Usuario de base de datos que se usará para la conexión global. Sobreescribe a la definida por el certificado.</param>
            <param name="password">Password de base de datos que se usará para la conexión global. Sobreescribe a la definida por el certificado.</param>
        </member>
        <member name="M:Banco.PD3.Persistence.SqlPersister.#ctor(Banco.PD3.Persistence.Entities.PD3Connection,Banco.PD3.Persistence.Entities.Credentials)">
            <summary>
            Constructor que define los parámetros de conexión a la base de datos especificada en el certificado.
            </summary>
            <param name="pd3Connection">Instancia PD3Connection del certificado</param>
            <param name="credentials">Instancia de clase Credentials que sobreescribe el Usuario de base de datos y Password que se usarán para la conexión definida en el certificado.</param>
        </member>
        <member name="M:Banco.PD3.Persistence.SqlPersister.StoredProcedureToJson(System.String,System.String,System.String)">
            <summary>
            Devuelve un System.String con la representación serializada de un JSON con los DataTables obtenidos por la ejecución de un Stored Procedure con parámetros.
            </summary>
            <param name="storedProcedure">Nombre del Stored Procedure</param>
            <param name="spParameters">Cadena de parámetros separados con "|" (ASCII code 124) de la forma @paramName-tipoDato-Dirección</param>
            <param name="spValues">Cadena de valores separados con "┤" (ASCII code 180) de la forma "value"</param>
            <returns>System.String</returns>
        </member>
        <member name="M:Banco.PD3.Persistence.SqlPersister.StoredProcedureToJson(System.String)">
            <summary>
            Devuelve un System.String con la representación serializada de un JSON con los DataTables obtenidos por la ejecución de un Stored Procedure sin parámetros.
            </summary>
            <param name="storedProcedure">Nombre del Stored Procedure</param>
            <returns>System.String</returns>
        </member>
        <member name="M:Banco.PD3.Persistence.SqlPersister.StoredProcedureToJson(System.String,System.Collections.Generic.List{Banco.PD3.Persistence.Entities.DBParameter})">
            <summary>
            Devuelve un System.String con la representación serializada de un JSON con los DataTables obtenidos por la ejecución de un Stored Procedure con una lista de parámetros DBParameter.
            </summary>
            <param name="storedProcedure">Nombre del Stored Procedure</param>
            <param name="parameterList">Lista de parámetros DBParameter</param>
            <returns>System.String</returns>
        </member>
        <member name="M:Banco.PD3.Persistence.SqlPersister.StoredProcedureToJson(System.String,Banco.PD3.Persistence.Entities.DBParameter)">
            <summary>
            Devuelve un System.String con la representación serializada de un JSON con los DataTables obtenidos por la ejecución de un Stored Procedure con un sólo parámetro DBParameter.
            </summary>
            <param name="storedProcedure">Nombre del Stored Procedure</param>
            <param name="dbParameter">DbParameter</param>
            <returns>System.String</returns>
        </member>
        <member name="M:Banco.PD3.Persistence.SqlPersister.ScriptToJson(System.String)">
            <summary>
            Devuelve un string en formato JSON con los DataTables obtenidos por la ejecución del script anónimo.
            </summary>
            <param name="strQuery">Script anónimo</param>
            <returns>string</returns>
        </member>
        <member name="M:Banco.PD3.Persistence.SqlPersister.StoredProcedureToXml(System.String,System.String,System.String)">
            <summary>
            Devuelve un System.String con la representación serializada de un XML con los DataTables obtenidos por la ejecución de un Stored Procedure con parámetros.
            </summary>
            <param name="storedProcedure">Nombre del Stored Procedure</param>
            <param name="spParameters">Cadena de parámetros separados con "|" (ASCII code 124) de la forma @paramName-tipoDato-Dirección</param>
            <param name="spValues">Cadena de valores separados con "┤" (ASCII code 180) de la forma "value"</param>
            <returns></returns>
        </member>
        <member name="M:Banco.PD3.Persistence.SqlPersister.StoredProcedureToXml(System.String,Banco.PD3.Persistence.Entities.DBParameter)">
            <summary>
            Devuelve un System.String con la representación serializada de un XML con los DataTables obtenidos por la ejecución de un Stored Procedure con un sólo parámetro DBParameter.
            </summary>
            <param name="storedProcedure">Nombre del Stored Procedure</param>
            <param name="dbParameter">DBParameter</param>
            <returns>System.String</returns>
        </member>
        <member name="M:Banco.PD3.Persistence.SqlPersister.StoredProcedureToXml(System.String,System.Collections.Generic.List{Banco.PD3.Persistence.Entities.DBParameter})">
            <summary>
            Devuelve un System.String con la representación serializada de un XML con los DataTables obtenidos por la ejecución de un Stored Procedure con una lista de parámetros DBParameter.
            </summary>
            <param name="storedProcedure">Nombre del Stored Procedure</param>
            <param name="parameterList">Lista de parámetros DBParameter</param>
            <returns>System.String</returns>
        </member>
        <member name="M:Banco.PD3.Persistence.SqlPersister.StoredProcedureToXml(System.String)">
            <summary>
            Devuelve un System.String con la representación serializada de un XML con los DataTables obtenidos por la ejecución de un Stored Procedure sin parámetros.
            </summary>
            <param name="storedProcedure">Nombre del Stored Procedure</param>
            <returns>System.String</returns>
        </member>
        <member name="M:Banco.PD3.Persistence.SqlPersister.ScriptToXml(System.String)">
            <summary>
            Devuelve un string en formato XML con los DataTables obtenidos por la ejecución del script anónimo.
            </summary>
            <param name="strQuery">Script anónimo</param>
            <returns>string</returns>
        </member>
        <member name="M:Banco.PD3.Persistence.SqlPersister.ScriptToDataSet(System.String,Banco.PD3.Persistence.Entities.Credentials)">
            <summary>
            Devuelve un System.Data.DataSet con los DataTables obtenidos por la ejecución del script anónimo. Con usuario y password diferente al del certificado.
            </summary>
            <param name="strQuery">Script anónimo de base de datos (TRANSAC-SQL)</param>
            <param name="credentials">Instancia de la clase Credentials con un usuario y contraseña.</param>
            <returns>System.Data.DataSet</returns>
        </member>
        <member name="M:Banco.PD3.Persistence.SqlPersister.ScriptToDataSet(System.String)">
            <summary>
            Devuelve un DataSet con los DataTables obtenidos por la ejecución del script anónimo.
            </summary>
            <param name="strQuery">Script anónimo de base de datos (TRANSAC-SQL)</param>
            <returns>DataSet</returns>
        </member>
        <member name="M:Banco.PD3.Persistence.SqlPersister.StoredProcedureToDataSet(System.String)">
            <summary>
            Devuelve un System.Data.DataSet con los DataTables obtenidos por la ejecución de un Stored Procedure sin parámetros.
            </summary>
            <param name="storedProcedure">Nombre del Stored Procedure</param>
            <returns>System.Data.DataSet</returns>
        </member>
        <member name="M:Banco.PD3.Persistence.SqlPersister.StoredProcedureToDataSet(System.String,System.String,System.String)">
            <summary>
            Devuelve un System.Data.DataSet con los DataTables obtenidos por la ejecución de un Stored Procedure con parámetros.
            </summary>
            <param name="storedProcedure">Nombre del Stored Procedure</param>
            <param name="spParameters">Cadena de parámetros separados con "|" (ASCII code 124) de la forma @paramName-tipoDato-Dirección</param>
            <param name="spValues">Cadena de valores separados con "┤" (ASCII code 180) de la forma "value"</param>    
            <returns>DataSet</returns>
        </member>
        <member name="M:Banco.PD3.Persistence.SqlPersister.StoredProcedureToDataReader(System.String,System.String,System.String)">
            <summary>
            Devuelve un System.Data.SqlClient.SqlDataReader abierto con el resultado de una ejecución vía Stored Procedure.
            </summary>
            <param name="storedProcedure">Nombre del Stored Procedure a ejecutar</param>
            <param name="parameters">Cadena de parámetros separados con "|" (ASCII code 124) de la forma @paramName-tipoDato-Dirección</param>
            <param name="values">Cadena de valores separados con "┤" (ASCII code 180) de la forma "value"</param>        
            <returns>System.Data.SqlClient.SqlDataReader</returns>
        </member>
        <member name="M:Banco.PD3.Persistence.SqlPersister.ScriptToDataReader(System.String)">
            <summary>
            Devuelve un System.Data.SqlClient.SqlDataReader abierto con el resultado de la ejecución de un script anónimo de base de datos.
            </summary>
            <param name="strQuery">Script anónimo de base de datos (TRANSAC-SQL)</param>
            <returns>System.Data.SqlClient.SqlDataReader</returns>
        </member>
        <member name="T:Banco.PD3.Persistence.TransactionalManager">
            <summary>
            Proporciona métodos de ejecución por bloque transaccional de operaciones de base de datos.
            </summary>
        </member>
        <member name="M:Banco.PD3.Persistence.TransactionalManager.TransactionalFlow(System.Collections.Generic.List{Banco.PD3.Persistence.Entities.TransactionalEntity})">
            <summary>
            Ejecuta los comandos de base de datos definidos en la lista de TransactionalEntity dentro de un bloque transaccional.
            </summary>
            <param name="transactionalEntityList">Lista de TransactionalEntity que contiene los comandos a ejecutar</param>
            <returns>ResulSetManager</returns>
        </member>
    </members>
</doc>
